NAME,MATCH_PERCENTAGE,RESUME_CONTENT
John Doe,85,"Name: John Doe\nEmail: john.doe@email.com\nPhone: +1 123 -456-7890\n\nObjective:\nPassionate Software Engineer with 3+ years of experience in full -stack web development.\nLooking to leverage expertise in JavaScript, React, and Python to build scalable applications.\n\nWork Experience:\n- Software Engineer, ABC Tech (2021 -Present)\n  - Developed and maintained web applications using React and Node.js.\n  - Optimized database queries, improving performance by 30%.\n  - Led a team of 5 developers in Agile develo pment processes.\n\nEducation:\n- B.Sc. in Computer Science, XYZ University (2017 -2021)\n\nSkills:\n- Programming: JavaScript, Python, SQL\n- Frameworks: React, Node.js, Django\n- Tools: Git, Docker, AWS\n\nProjects:\n- Built a real -time chat application with WebSock ets.\n- Developed an e -commerce site with React and Flask."
Olivia Martinez,92,"Name: Olivia Martinez  \nEmail:  olivia.martinez@email.com  \nPhone:  +1 111 -222-3333  \nObjective:  \nSenior Data Scientist with expertise in healthcare analytics.  \nWork Experience:  \nï‚· Data Scientist, MedTech Solutions (2017 -Present)  \no Led predictive modeling  efforts to optimize hospital resource allocation.  \no Built a deep learning model for detecting early -stage cancer in medical scans.  \nEducation:  \nï‚· Ph.D. in Bioinformatics, Johns Hopkins University (2013 -2017)  \nSkills:  \nï‚· Programming: Python, R, SQL  \nï‚· ML Frameworks: Te nsorFlow, Keras  \nï‚· Tools: Bioconductor, SPSS, Tableau  \nProjects:  \nï‚· Developed an AI -based system for medical image segmentation.  \nï‚· Built a real-time alert system for monitoring ICU patients."
Liam Turner,78,"Name: Liam Turner  \nEmail:  liam.turner@email.com  \nPhone:  +1 333 -444-5555  \nObjective:  \nSoftware Engineer with expertise in backend systems and cloud computing.  \nWork Experience:  \nï‚· Software Engineer, FinTech Solutions (2019 -Present)  \no Developed a microservices architecture for scalable applications.  \no Built a secure API gateway for financial transactions.  \nEducation:  \nï‚· B.Sc. in Computer Science, University of Washington (2015 -2019)  \nSkills:  \nï‚· Programming: Java, Kotlin, Python  \nï‚· Tools: Spring Boot, AWS Lambda, Docker"
Ava Scott,88,"Name: Ava Scott  \nEmail:  ava.scott@email.com  \nPhone:  +1 777 -888-9999  \nObjective:  \nUX Designer passionate about creating intuitive and user -friendly experiences.  \nWork Experience:  \nï‚· UX Designer, Creative Studio (2018 -Present)  \no Redesigned an e -commerce site, increasing conversions by 20%.  \nEducation:  \nï‚· B.A. in Graphic Design, Rhode Island School of Design (2014 -2018)  \nSkills:  \nï‚· Tools: Figma, Sketch, Adobe XD"
Ethan Hall,75,"Name: Ethan Hall  \nEmail:  ethan.hall@email.com  \nPhone:  +1 555 -777-8888  \nObjective:  \nCybersecurity Analyst with expertise in network security and penetration testing.  \nWork Experience:  \nï‚· Cybersecurity Analyst, SecureTech (2019 -Present)  \no Conducted penetration testing and security audits for enterprises.  \nEducation:  \nï‚· B.Sc. in Cybersecurity, UC Berkeley (2015 -2019)  \nSkills:  \nï‚· Tools: Kali Linux, Wireshark, Splunk\n\nProjects:  \nï‚· Developed a network intrusion detection system.  \nï‚· Created a security awareness training program.  \nAwards and Recognition:  \nï‚· Dean's List (2017, 2018, 2019)"
Daniel Adams,82,"Daniel Adams  \nEmail:  daniel.adams@email.com  \nPhone:  +1 111 -555-6666  \nObjective:  \nNetwork Engineer with expertise in cloud networking and SD -WAN.  \nWork Experience:  \nï‚· Network Engineer, CloudNet Solutions (2018 -Present)  \no Led a network migration for a multinational corporation.  \nEducation:  \nï‚· B.Sc. in Network Engineering, Georgia Tech (2014 -2018)  \nSkills:  \nï‚· Tools: Cisco CCNP, BGP, AWS Networking"
Chloe Bennett,90,"Name:  Chloe Bennett  \nEmail:  chloe.bennett@email.com  \nPhone:  +1 999 -888-7777  \nObjective:  \nElectrical Engineer specializing in circuit design and embedded systems.  \nWork Experience:  \nï‚· Electrical Engineer, SmartTech Innovations (2019 -Present)  \no Designed low -power IoT devices for smart homes.  \no Developed PCB layouts for wearable technology.  \nEducation:  \nï‚· B.Sc. in Electrical Engineering, MIT (2015 -2019)  \nSkills:  \nï‚· Tools: MATLAB, FPGA, SolidWorks, Embedded C"
Noah Carter,70,"Name:  Noah Carter  \nEmail:  noah.carter@email.com  \nPhone:  +1 666 -555-4444  \nObjective:  \nAI Ethics Researcher passionate about fairness in artificial intelligence.  \nWork Experience:  \nï‚· Researcher, Ethical AI Lab (2020 -Present)  \no Published papers on algorithmic bias and AI fairness.  \no Advised tech companies on responsible AI policies.  \nEducation:  \nï‚· Ph.D. in Computer Ethics, Harvard University (2015 -2020)  \nSkills:  \nï‚· Topics: Algorithmic Bias, Ethical AI, Data Privacy"
Mia Foster,85,"Name:  Mia Foster  \nEmail:  mia.foster@email.com  \nPhone:  +1 444 -333-2222  \nObjective:  \nFinancial Analyst with expertise in investment risk and portfolio management.  \nWork Experience:  \nï‚· Financial Analyst, Wealth Management Inc. (2018 -Present)  \no Provided risk analysis for high -net-worth clients.  \no Created financial models for investment forecasting.  \nEducation:  \nï‚· B.Sc. in Finance, University of Chicago (2014 -2018)  \nSkills:  \nï‚· Tools: Excel, Bloomberg Terminal, Python for Finance"
William Brooks,80,"Name:  William Brooks  \nEmail:  william.brooks@email.com  \nPhone:  +1 777 -666-5555  \nObjective:  \nMechanical Engineer with expertise in CAD modeling and FEA simulations.  \nWork Experience:  \nï‚· Mechanical Engineer, AutoTech Innovations (2019 -Present)  \no Designed an aerodynamic enhancement for electric vehicles.  \no Performed structural analysis on automotive components.  \nEducation:  \nï‚· B.Sc. in Mechanical Engineering, Stanford University (2015 -2019)  \nSkills:  \nï‚· Tools: SolidWorks, ANSYS, CATIA\n\nProjects:  \nï‚· Developed a drone with improved flight stability.  \nAwards:  \nï‚· Deanâ€™s List, Stanford University (2017, 2018)  \nReferences:  Available on request"
Jane Smith,95,"Name: Jane Smith  \nEmail: jane.smith@email.com  \nPhone: +1 987 -654-3210  \n\nObjective:  \nData Scientist with 4 years of experience in machine learning and data analytics.  \nAiming to apply statistical knowledge and AI models to drive data -driven decisions.  \n\nWork Experience:  \n- Data Scientist, XYZ Analytics (2020 -Present)  \n  - Developed predictive models that increased revenue by 20%.  \n  - Implemented NLP techniques to analyze customer sentiment.  \n  - Created data pipelines using Python and SQL.  \n\nEducation:  \n- M.Sc. in Data Science, ABC University (2018 -2020)  \n\nSkills:  \n- Programming: Python, R, SQL  \n- ML Frameworks: TensorFlow, Scikit -Learn  \n- Tools: Pandas, NumPy, Tableau  \n\nProjects:  \n- Built a recommendation system for an e -commerce platform.  \n- Created a fraud detection model using logistic regression."
Lily Parker,87,"Name:  Lily Parker  \nEmail:  lily.parker@email.com  \nPhone:  +1 222 -111-0000  \nObjective:  \nTechnical Writer with experience in API documentation and research writing.  \nWork Experience:  \nï‚· Technical Writer, SaaS Solutions (2020 -Present)  \no Created developer documentation for a cloud -based SaaS company.  \no Wrote user manuals for enterprise software products.  \nEducation:  \nï‚· B.A. in English & Technical Writing, UCLA (2016 -2020)  \nSkills:  \nï‚· Tools: Markdown, LaTeX, Confluence"
Mark Johnson,72,"Name: Mark Johnson  \nEmail: mark.johnson@email.com  \nPhone: +1 555 -678-1234  \n \nObjective:  \nMarketing Manager with 6 years of experience in digital marketing strategies, SEO, and brand \nmanagement.  \nSeeking to drive business growth through data -driven campaigns and audience engagement.  \n \nWork Experience:  \n- Marketing Manager, ABC Corp (2019 -Present)  \n  - Led a team to implement SEO strategies, improving organic traffi c by 40%.  \n  - Managed social media campaigns with a 25% increase in customer engagement.  \n  - Developed email marketing funnels, increasing conversion rates.  \n \nEducation:  \n- MBA in Marketing, DEF Business School (2015 -2017)  \n \nSkills:  \n- Digital Marketing, SEO , Google Analytics  \n- Content Strategy, Social Media Management  \n- Email Marketing, PPC Advertising  \n \nProjects:  \n- Launched a successful influencer marketing campaign.  \n- Designed and executed an e -commerce advertising strategy."
Sarah Lee,89,"Name: Sarah Lee  \nEmail: sarah.lee@email.com  \nPhone: +1 222 -333-4444  \n \nObjective:  \nHR Specialist with 5 years of experience in talent acquisition, employee engagement, and HR \nanalytics.  \nPassionate about building inclusive workplaces and improving HR processes.  \n \nWork Experience:  \n- HR Specialist, XYZ HR Solutions (2018 -Present)  \n  - Managed recruitment strategies, reducing hiring time by 30%.  \n  - Developed employee engagement programs, increasing retention by 15%.  \n  - Conducted workforce analytics to optimize HR policies.  \n \nEducation:  \n- BBA in Human Resource Management, ABC University (2014 -2018)  \n \nSkills:  \n- Recruitment, Talent Acquisition, HR Analytics  \n- Employee Relations, Training & Development  \n- HR Software: Workday, BambooHR  \n \nProjects:  \n- Implemented an AI -powered resume screening system.  \n- Designed onboarding programs for remote employees."
Robert Wilson,77,"Name: Robert Wilson  \nEmail: robert.wilson@email.com  \nPhone: +1 777 -888-9999  \n \nObjective:  \nMechanical Engineer with 7+ years of experience in CAD design, thermodynamics, and product \ndevelopment.  \nSeeking to contribute technical expertise to innovative engineering solutions.  \n \nWork Experience:  \n- Mechanical Engineer, ABC Manufacturing (2016 -Present)  \n  - Designed mechanical components using AutoCAD and SolidWorks.  \n  - Conducted thermal analysis to optimize energy efficiency.  \n  - Collaborated with cross -functional teams to develop new products.  \n \nEducation:  \n- B.Tech in Mechanical Engineering, DEF Institute (2012 -2016)  \n \nSkills:  \n- CAD Design, SolidWorks, AutoCAD  \n- Thermodynamics, Structural Analysis  \n- Manufacturing Processes, 3D Printing  \n \nProjects:  \n- Designed a high -efficiency heat exchanger.  \n- Developed an automated assembly line for industrial manufacturing ."
Emma Johnson,93,"Name:  Emma Johnson  \nEmail:  emma.johnson@email.com  \nPhone:  +1 123 -456-7890  \nObjective:  \nData Scientist with 5+ years of experience in AI and deep learning. Aiming to build \nintelligent systems to drive business decisions.  \nWork Experience:  \nï‚· Data Scientist, ABC Tech (2019 -Present)  \no Developed CNN models that improved image classification accuracy by 15%.  \no Created automated data pipelines with Apache Spark.  \no Led a team in deploying scalable ML models in production.  \nEducation:  \nï‚· M.Sc. in Computer Science, Stanford University (2017 -2019)  \nSkills:  \nï‚· Programming: Python, SQL, R  \nï‚· ML Frameworks: PyTorch, TensorFlow  \nï‚· Tools: Apache Spark, Tableau, BigQuery  \nProjects:  \nï‚· Built an object detection model for autonomous vehicles.  \nï‚· Developed a fraud detection system using anomaly detection techniques."
Rahul Mehta,90,"Name: Rahul Mehta  \nEmail:  rahul.mehta@email.com  \nPhone:  +1 222 -333-4444  \nObjective:  \nPassionate Data Scientist specializing in NLP and AI -driven insights.  \nWork Experience:  \nï‚· Data Scientist, ML Solutions Inc. (2020 -Present)  \no Built an NLP chatbot that reduced customer support costs by 30%.  \no Devised a real -time analytics system using Kafka and Spark.  \nEducation:  \nï‚· M.Sc. in Data Science, University of Toronto (2018 -2020)  \nSkills:  \nï‚· Programming: Python, Java, SQL  \nï‚· ML Frameworks: TensorFlow, Keras, Scikit -Learn  \nï‚· Tools: Airflow, Hadoop, AWS  \nProjects:  \nï‚· Developed a sentiment analysis system for financial news.  \nï‚· Created a recommender system for a movie streaming platform."
Sophia Lee,97,"Name: Sophia Lee  \nEmail:  sophia.lee@email.com  \nPhone:  +1 555 -666-7777  \nObjective:  \nData Scientist focusing on financial risk modeling.  \nWork Experience:  \nï‚· Data Scientist, FinTech Innovations (2018 -Present)  \no Designed credit risk assessment models reducing fraud by  18%.  \no Developed forecasting tools for stock price predictions.  \nEducation:  \nï‚· Ph.D. in Applied Mathematics, MIT (2014 -2018)  \nSkills:  \nï‚· Programming: R, Python, SQL  \nï‚· ML Frameworks: XGBoost, Scikit -Learn  \nï‚· Tools: MATLAB, Bloomberg Terminal, Tableau  \nProjects:  \nï‚· Built a Monte Carlo simulation for risk assessment.  \nï‚· Developed a predictive model for cryptocurrency trends."
Carlos Rivera,83,"Name: Carlos Rivera\nEmail:  carlos.rivera@email.com\nPhone:  +1 888 -999-0000\nObjective:  \nML Engineer turned Data Scientist specializing in time -series forecasting.\nWork Experience:  \nï‚· Data Scientist, Retail AI Inc. (2019 -Present)\no Improved demand forecasting models for a retail giant.\no Automated ETL pipelines for real -time data processing.\nEducation:  \nï‚· B.Sc. in Statistics, UCLA (2015 -2019)\nSkills:  \nï‚· Programming: Python, SQL\nï‚· ML Frameworks: Prophet, TensorFlow\nï‚· Tools: Snowflake, Airflow, Power BI\nProjects:  \nï‚· Built an inventory optimization model using reinforcement learning.\nï‚· Designed a weather -based sales prediction model."